SID,Submit Time,Username,Problem,Status,Source
2607656,"April 20, 2021, 10:43 a.m.",DSC109006253,13144 - あそびあそばせ！,All Accepted (10/10),C++11
2594283,"April 12, 2021, 6:27 p.m.",DSC109061589,13144 - あそびあそばせ！,All Accepted (10/10),C++11
2594270,"April 12, 2021, 6:15 p.m.",DSC107061127,13144 - あそびあそばせ！,All Accepted (10/10),C++11
2594256,"April 12, 2021, 6:05 p.m.",DSC106034055,13144 - あそびあそばせ！,All Accepted (10/10),C++
2594249,"April 12, 2021, 6:03 p.m.",DSC106034055,13144 - あそびあそばせ！,All Accepted (10/10),C++
2594248,"April 12, 2021, 6:02 p.m.",DSC106034055,13144 - あそびあそばせ！,All Accepted (10/10),C++
2594244,"April 12, 2021, 5:59 p.m.",DSC108071003,13144 - あそびあそばせ！,All Accepted (10/10),C++
2594237,"April 12, 2021, 5:54 p.m.",DSC106034055,13144 - あそびあそばせ！,All Accepted (10/10),C++
2594233,"April 12, 2021, 5:52 p.m.",DSC109061589,13144 - あそびあそばせ！,All Accepted (10/10),C++11
2594203,"April 12, 2021, 5:32 p.m.",DSC107020008,13144 - あそびあそばせ！,All Accepted (10/10),C++11
2594197,"April 12, 2021, 5:28 p.m.",DSC107020008,13144 - あそびあそばせ！,All Accepted (10/10),C++11
2594193,"April 12, 2021, 5:26 p.m.",IPHTC107020008,13144 - あそびあそばせ！,All Accepted (10/10),C++
2594168,"April 12, 2021, 5:17 p.m.",IPHTC107020008,13144 - あそびあそばせ！,All Accepted (10/10),C++
2594061,"April 12, 2021, 3:48 p.m.",IPHTC107041033,13144 - あそびあそばせ！,All Accepted (10/10),C++17
2594057,"April 12, 2021, 3:48 p.m.",IPHTC107041033,13144 - あそびあそばせ！,All Accepted (10/10),C++17
2594029,"April 12, 2021, 3:05 p.m.",DSC107021134,13144 - あそびあそばせ！,All Accepted (10/10),C++17
2594027,"April 12, 2021, 3:03 p.m.",DSC107011217,13144 - あそびあそばせ！,All Accepted (10/10),C++11
2594017,"April 12, 2021, 2:45 p.m.",DSC106034055,13144 - あそびあそばせ！,All Accepted (10/10),C++
2594010,"April 12, 2021, 2:26 p.m.",DSC106034055,13144 - あそびあそばせ！,All Accepted (10/10),C++
2594008,"April 12, 2021, 2:20 p.m.",DSC106034055,13144 - あそびあそばせ！,All Accepted (10/10),C++
2594006,"April 12, 2021, 2:17 p.m.",DSC106034055,13144 - あそびあそばせ！,All Accepted (10/10),C++
2594003,"April 12, 2021, 2:13 p.m.",DSC106034055,13144 - あそびあそばせ！,All Accepted (10/10),C++
2593991,"April 12, 2021, 1:56 p.m.",DSC108060024,13144 - あそびあそばせ！,All Accepted (10/10),C++
2593945,"April 12, 2021, 12:09 p.m.",DSC107011216,13144 - あそびあそばせ！,All Accepted (10/10),C++
2593860,"April 12, 2021, 11:32 a.m.",DSC106061131,13144 - あそびあそばせ！,All Accepted (10/10),C++11
2593856,"April 12, 2021, 11:31 a.m.",DSC107070031,13144 - あそびあそばせ！,All Accepted (10/10),C++14
2593837,"April 12, 2021, 11:24 a.m.",DSC108070025,13144 - あそびあそばせ！,All Accepted (10/10),C++17
2593810,"April 12, 2021, 11:17 a.m.",DSC108006225,13144 - あそびあそばせ！,All Accepted (10/10),C++11
2593799,"April 12, 2021, 11:14 a.m.",DSC106061131,13144 - あそびあそばせ！,All Accepted (10/10),C++11
2593789,"April 12, 2021, 11:06 a.m.",DSC108070011,13144 - あそびあそばせ！,All Accepted (10/10),C++
2593786,"April 12, 2021, 11:05 a.m.",DSC107070031,13144 - あそびあそばせ！,All Accepted (10/10),C++14
2593785,"April 12, 2021, 11:05 a.m.",DSC108070011,13144 - あそびあそばせ！,All Accepted (10/10),C++
2593784,"April 12, 2021, 11:04 a.m.",DSC108070025,13144 - あそびあそばせ！,All Accepted (10/10),C++17
2593736,"April 12, 2021, 10:47 a.m.",DSC109062327,13144 - あそびあそばせ！,All Accepted (10/10),C++
2593671,"April 12, 2021, 10:27 a.m.",DSC107070031,13144 - あそびあそばせ！,All Accepted (10/10),C++14
2593648,"April 12, 2021, 10:09 a.m.",DSC107012036,13144 - あそびあそばせ！,All Accepted (10/10),C++11
2593605,"April 12, 2021, 9:39 a.m.",DSC108061132,13144 - あそびあそばせ！,All Accepted (10/10),C++17
2593502,"April 12, 2021, 8:30 a.m.",DSC1082117S,13144 - あそびあそばせ！,All Accepted (10/10),C++
2593431,"April 12, 2021, 7:53 a.m.",DSC108070025,13144 - あそびあそばせ！,All Accepted (10/10),C++17
2593406,"April 12, 2021, 7:10 a.m.",DSC108070025,13144 - あそびあそばせ！,All Accepted (10/10),C++17
2593396,"April 12, 2021, 7:05 a.m.",DSC108070025,13144 - あそびあそばせ！,All Accepted (10/10),C++17
2593391,"April 12, 2021, 7:01 a.m.",DSC108070025,13144 - あそびあそばせ！,All Accepted (10/10),C++17
2593387,"April 12, 2021, 6:55 a.m.",DSC108021135,13144 - あそびあそばせ！,All Accepted (10/10),C++
2593340,"April 12, 2021, 6:13 a.m.",DSC108010021,13144 - あそびあそばせ！,All Accepted (10/10),C++17
2593337,"April 12, 2021, 6:09 a.m.",DSC107080062,13144 - あそびあそばせ！,All Accepted (10/10),C++11
2593327,"April 12, 2021, 5:57 a.m.",DSC108010021,13144 - あそびあそばせ！,All Accepted (10/10),C++17
2593255,"April 12, 2021, 4:06 a.m.",Anis,13144 - あそびあそばせ！,All Accepted (10/10),C++11
2593235,"April 12, 2021, 3:38 a.m.",s107090002,13144 - あそびあそばせ！,All Accepted (10/10),C++
2593180,"April 12, 2021, 2:50 a.m.",DSC107021106,13144 - あそびあそばせ！,All Accepted (10/10),C++17
2593154,"April 12, 2021, 2:24 a.m.",DSC107021106,13144 - あそびあそばせ！,All Accepted (10/10),C++17
2593132,"April 12, 2021, 2:10 a.m.",DSC108010009,13144 - あそびあそばせ！,All Accepted (10/10),C++17
2593122,"April 12, 2021, 2:05 a.m.",DSC1092127S,13144 - あそびあそばせ！,All Accepted (10/10),C++
2593117,"April 12, 2021, 2:03 a.m.",DSC108061132,13144 - あそびあそばせ！,All Accepted (10/10),C++17
2593054,"April 12, 2021, 1:45 a.m.",Anis,13144 - あそびあそばせ！,All Accepted (10/10),C++11
2593009,"April 12, 2021, 1:34 a.m.",DSC108006233,13144 - あそびあそばせ！,All Accepted (10/10),C++11
2593000,"April 12, 2021, 1:31 a.m.",DSC108006233,13144 - あそびあそばせ！,All Accepted (10/10),C++17
2592973,"April 12, 2021, 1:25 a.m.",DSC107061127,13144 - あそびあそばせ！,All Accepted (10/10),C++11
2592935,"April 12, 2021, 1:15 a.m.",DSC108070022,13144 - あそびあそばせ！,All Accepted (10/10),C++
2592886,"April 12, 2021, 1:01 a.m.",DSC106034055,13144 - あそびあそばせ！,All Accepted (10/10),C++
2592883,"April 12, 2021, 1 a.m.",DSC107021106,13144 - あそびあそばせ！,All Accepted (10/10),C++17
2592880,"April 12, 2021, 12:59 a.m.",DSC106034055,13144 - あそびあそばせ！,All Accepted (10/10),C++
2592872,"April 12, 2021, 12:57 a.m.",DSC108061132,13144 - あそびあそばせ！,All Accepted (10/10),C++17
2592865,"April 12, 2021, 12:53 a.m.",DSC107021107,13144 - あそびあそばせ！,All Accepted (10/10),C++17
2592847,"April 12, 2021, 12:49 a.m.",DSC106034055,13144 - あそびあそばせ！,All Accepted (10/10),C++
2592827,"April 12, 2021, 12:41 a.m.",DSC106034055,13144 - あそびあそばせ！,All Accepted (10/10),C++
2592818,"April 12, 2021, 12:38 a.m.",DSC108061132,13144 - あそびあそばせ！,All Accepted (10/10),C++17
2592812,"April 12, 2021, 12:35 a.m.",s108060032,13144 - あそびあそばせ！,All Accepted (10/10),C++11
2592809,"April 12, 2021, 12:34 a.m.",DSC106034055,13144 - あそびあそばせ！,All Accepted (10/10),C++
2592807,"April 12, 2021, 12:34 a.m.",s108060032,13144 - あそびあそばせ！,All Accepted (10/10),C++
2592802,"April 12, 2021, 12:32 a.m.",DSC108061132,13144 - あそびあそばせ！,All Accepted (10/10),C++17
2592791,"April 12, 2021, 12:27 a.m.",s108060024,13144 - あそびあそばせ！,All Accepted (10/10),C++
2592783,"April 12, 2021, 12:23 a.m.",DSC_107021131,13144 - あそびあそばせ！,All Accepted (10/10),C++11
2592778,"April 12, 2021, 12:22 a.m.",DSC108061132,13144 - あそびあそばせ！,All Accepted (10/10),C++17
2592774,"April 12, 2021, 12:20 a.m.",DSC107021106,13144 - あそびあそばせ！,All Accepted (10/10),C++17
2592773,"April 12, 2021, 12:20 a.m.",DSC108061132,13144 - あそびあそばせ！,All Accepted (10/10),C++17
2592771,"April 12, 2021, 12:19 a.m.",s108060024,13144 - あそびあそばせ！,All Accepted (10/10),C++
2592760,"April 12, 2021, 12:16 a.m.",DSC108061132,13144 - あそびあそばせ！,All Accepted (10/10),C++17
2592739,"April 12, 2021, 12:04 a.m.",DSC108061132,13144 - あそびあそばせ！,All Accepted (10/10),C++17
2592733,"April 12, 2021, 12:01 a.m.",DSC108061132,13144 - あそびあそばせ！,All Accepted (10/10),C++17
2592727,"April 12, 2021, midnight",DSC108061132,13144 - あそびあそばせ！,All Accepted (10/10),C++17
2592723,"April 11, 2021, 11:58 p.m.",DSC108061132,13144 - あそびあそばせ！,All Accepted (10/10),C++
2592721,"April 11, 2021, 11:57 p.m.",DSC108061132,13144 - あそびあそばせ！,All Accepted (10/10),C++17
2592715,"April 11, 2021, 11:55 p.m.",s108060024,13144 - あそびあそばせ！,All Accepted (10/10),C++
2592714,"April 11, 2021, 11:54 p.m.",DSC108061132,13144 - あそびあそばせ！,All Accepted (10/10),C++17
2592670,"April 11, 2021, 11:33 p.m.",DSC107023012,13144 - あそびあそばせ！,All Accepted (10/10),C++14
2592665,"April 11, 2021, 11:26 p.m.",DSC107023012,13144 - あそびあそばせ！,All Accepted (10/10),C++14
2592641,"April 11, 2021, 11:17 p.m.",DSC108070002,13144 - あそびあそばせ！,All Accepted (10/10),C++17
2592624,"April 11, 2021, 11:12 p.m.",zookeeper,13144 - あそびあそばせ！,All Accepted (10/10),C++11
2592620,"April 11, 2021, 11:12 p.m.",DSC106034055,13144 - あそびあそばせ！,All Accepted (10/10),C++
2592618,"April 11, 2021, 11:10 p.m.",DSC106034055,13144 - あそびあそばせ！,All Accepted (10/10),C++11
2592616,"April 11, 2021, 11:10 p.m.",DSC108000211,13144 - あそびあそばせ！,All Accepted (10/10),C++11
2592599,"April 11, 2021, 11:05 p.m.",DSC108000211,13144 - あそびあそばせ！,All Accepted (10/10),C++11
2592595,"April 11, 2021, 11:03 p.m.",DSC108061132,13144 - あそびあそばせ！,All Accepted (10/10),C++17
2592581,"April 11, 2021, 11 p.m.",DSC108070039,13144 - あそびあそばせ！,All Accepted (10/10),C++11
2592572,"April 11, 2021, 10:57 p.m.",s108060024,13144 - あそびあそばせ！,All Accepted (10/10),C++
2592569,"April 11, 2021, 10:57 p.m.",DSC108070039,13144 - あそびあそばせ！,All Accepted (10/10),C++11
2592529,"April 11, 2021, 10:48 p.m.",s108060024,13144 - あそびあそばせ！,All Accepted (10/10),C++
2592486,"April 11, 2021, 10:35 p.m.",DSC107021109,13144 - あそびあそばせ！,All Accepted (10/10),C++11
2592484,"April 11, 2021, 10:35 p.m.",s108060024,13144 - あそびあそばせ！,All Accepted (10/10),C++
2592470,"April 11, 2021, 10:31 p.m.",DSC107021107,13144 - あそびあそばせ！,All Accepted (10/10),C++17
2592375,"April 11, 2021, 10:09 p.m.",DSC107021107,13144 - あそびあそばせ！,All Accepted (10/10),C++17
2592336,"April 11, 2021, 10 p.m.",DSC107021107,13144 - あそびあそばせ！,All Accepted (10/10),C++17
2592326,"April 11, 2021, 9:58 p.m.",s109062330,13144 - あそびあそばせ！,All Accepted (10/10),C++
2592272,"April 11, 2021, 9:44 p.m.",DSC108006213,13144 - あそびあそばせ！,All Accepted (10/10),C++14
2592259,"April 11, 2021, 9:40 p.m.",DSC107021205,13144 - あそびあそばせ！,All Accepted (10/10),C++
2592230,"April 11, 2021, 9:30 p.m.",DSC_107031205,13144 - あそびあそばせ！,All Accepted (10/10),C++17
2592224,"April 11, 2021, 9:28 p.m.",DSC108006213,13144 - あそびあそばせ！,All Accepted (10/10),C++14
2592221,"April 11, 2021, 9:27 p.m.",DSC108006213,13144 - あそびあそばせ！,All Accepted (10/10),C++14
2592215,"April 11, 2021, 9:27 p.m.",DSC_107031205,13144 - あそびあそばせ！,All Accepted (10/10),C++17
2592207,"April 11, 2021, 9:24 p.m.",s108060025,13144 - あそびあそばせ！,All Accepted (10/10),C++17
2592184,"April 11, 2021, 9:16 p.m.",DSC107021205,13144 - あそびあそばせ！,All Accepted (10/10),C++
2592170,"April 11, 2021, 9:12 p.m.",DSC107021107,13144 - あそびあそばせ！,All Accepted (10/10),C++17
2592128,"April 11, 2021, 8:55 p.m.",DSC108000232,13144 - あそびあそばせ！,All Accepted (10/10),C++
2592127,"April 11, 2021, 8:54 p.m.",DSC108000232,13144 - あそびあそばせ！,All Accepted (10/10),C++
2592055,"April 11, 2021, 8:29 p.m.",DSC107021107,13144 - あそびあそばせ！,All Accepted (10/10),C++17
2592016,"April 11, 2021, 8:16 p.m.",zookeeper,13144 - あそびあそばせ！,All Accepted (10/10),C++11
2592005,"April 11, 2021, 8:10 p.m.",DSC107021107,13144 - あそびあそばせ！,All Accepted (10/10),C++17
2591983,"April 11, 2021, 7:52 p.m.",s107062304,13144 - あそびあそばせ！,All Accepted (10/10),C++17
2591978,"April 11, 2021, 7:50 p.m.",DSC108020020,13144 - あそびあそばせ！,All Accepted (10/10),C++11
2591951,"April 11, 2021, 7:33 p.m.",DSC107020008,13144 - あそびあそばせ！,All Accepted (10/10),C++11
2591895,"April 11, 2021, 7:11 p.m.",DSC108070038,13144 - あそびあそばせ！,All Accepted (10/10),C++17
2591873,"April 11, 2021, 7:03 p.m.",DSC108070038,13144 - あそびあそばせ！,All Accepted (10/10),C++17
2591782,"April 11, 2021, 5:57 p.m.",DSC108011237,13144 - あそびあそばせ！,All Accepted (10/10),C++11
2591775,"April 11, 2021, 5:54 p.m.",DSC108011237,13144 - あそびあそばせ！,All Accepted (10/10),C++11
2591760,"April 11, 2021, 5:45 p.m.",IPHTC108071003,13144 - あそびあそばせ！,All Accepted (10/10),C++
2591758,"April 11, 2021, 5:44 p.m.",IPHTC108071003,13144 - あそびあそばせ！,All Accepted (10/10),C++
2591741,"April 11, 2021, 5:35 p.m.",DSC108070072,13144 - あそびあそばせ！,All Accepted (10/10),C++11
2591722,"April 11, 2021, 5:29 p.m.",DSC108070039,13144 - あそびあそばせ！,All Accepted (10/10),C++11
2591716,"April 11, 2021, 5:28 p.m.",DSC108070039,13144 - あそびあそばせ！,All Accepted (10/10),C++11
2591656,"April 11, 2021, 5:06 p.m.",DSC108000103,13144 - あそびあそばせ！,All Accepted (10/10),C++17
2591640,"April 11, 2021, 4:58 p.m.",DSC107021134,13144 - あそびあそばせ！,All Accepted (10/10),C++17
2591605,"April 11, 2021, 4:37 p.m.",DSC107021104,13144 - あそびあそばせ！,All Accepted (10/10),C++
2591579,"April 11, 2021, 4:24 p.m.",IPHTC108071003,13144 - あそびあそばせ！,All Accepted (10/10),C++
2591576,"April 11, 2021, 4:24 p.m.",IPHTC108071003,13144 - あそびあそばせ！,All Accepted (10/10),C++
2591574,"April 11, 2021, 4:23 p.m.",IPHTC108071003,13144 - あそびあそばせ！,All Accepted (10/10),C++
2591573,"April 11, 2021, 4:22 p.m.",DSC108000103,13144 - あそびあそばせ！,All Accepted (10/10),C++17
2591528,"April 11, 2021, 4:07 p.m.",IPHTC108071003,13144 - あそびあそばせ！,All Accepted (10/10),C++
2591439,"April 11, 2021, 3:19 p.m.",DSC107021104,13144 - あそびあそばせ！,All Accepted (10/10),C++
2591411,"April 11, 2021, 3:10 p.m.",s108060024,13144 - あそびあそばせ！,All Accepted (10/10),C++
2591398,"April 11, 2021, 3:01 p.m.",s108060024,13144 - あそびあそばせ！,All Accepted (10/10),C++
2591379,"April 11, 2021, 2:55 p.m.",s108060024,13144 - あそびあそばせ！,All Accepted (10/10),C++
2591342,"April 11, 2021, 2:35 p.m.",s108060024,13144 - あそびあそばせ！,All Accepted (10/10),C++
2591335,"April 11, 2021, 2:31 p.m.",DSC106033140,13144 - あそびあそばせ！,All Accepted (10/10),C++
2591333,"April 11, 2021, 2:30 p.m.",DSC106033140,13144 - あそびあそばせ！,All Accepted (10/10),C++
2591274,"April 11, 2021, 1:35 p.m.",DSC107011217,13144 - あそびあそばせ！,All Accepted (10/10),C++11
2591272,"April 11, 2021, 1:35 p.m.",DSC107011217,13144 - あそびあそばせ！,All Accepted (10/10),C++
2591271,"April 11, 2021, 1:34 p.m.",jordan0322,13144 - あそびあそばせ！,All Accepted (10/10),C++11
2591268,"April 11, 2021, 1:31 p.m.",DSC107011217,13144 - あそびあそばせ！,All Accepted (10/10),C++
2591267,"April 11, 2021, 1:31 p.m.",jordan0322,13144 - あそびあそばせ！,All Accepted (10/10),C++11
2591263,"April 11, 2021, 1:29 p.m.",jordan0322,13144 - あそびあそばせ！,All Accepted (10/10),C++11
2591251,"April 11, 2021, 1:22 p.m.",jordan0322,13144 - あそびあそばせ！,All Accepted (10/10),C++11
2591247,"April 11, 2021, 1:17 p.m.",DSC107041033,13144 - あそびあそばせ！,All Accepted (10/10),C++11
2591242,"April 11, 2021, 1:13 p.m.",DSC107041033,13144 - あそびあそばせ！,All Accepted (10/10),C++11
2591241,"April 11, 2021, 1:13 p.m.",IPHTC107041033,13144 - あそびあそばせ！,All Accepted (10/10),C++17
2591222,"April 11, 2021, 12:49 p.m.",DSC106034064,13144 - あそびあそばせ！,All Accepted (10/10),C++17
2591217,"April 11, 2021, 12:46 p.m.",DSC106034064,13144 - あそびあそばせ！,All Accepted (10/10),C++17
2591185,"April 11, 2021, 12:01 p.m.",DSC106034064,13144 - あそびあそばせ！,All Accepted (10/10),C++17
2591169,"April 11, 2021, 11:43 a.m.",DSC106034064,13144 - あそびあそばせ！,All Accepted (10/10),C++17
2591092,"April 11, 2021, 9:39 a.m.",DSC109062319,13144 - あそびあそばせ！,All Accepted (10/10),C++11
2591074,"April 11, 2021, 4:34 a.m.",IPHTC107041033,13144 - あそびあそばせ！,All Accepted (10/10),C++17
2591072,"April 11, 2021, 4:28 a.m.",IPHTC107041033,13144 - あそびあそばせ！,All Accepted (10/10),C++17
2591071,"April 11, 2021, 4:28 a.m.",IPHTC107041033,13144 - あそびあそばせ！,All Accepted (10/10),C++17
2591036,"April 11, 2021, 3:02 a.m.",s109062325,13144 - あそびあそばせ！,All Accepted (10/10),C++17
2591034,"April 11, 2021, 2:51 a.m.",DSC108070025,13144 - あそびあそばせ！,All Accepted (10/10),C++17
2591028,"April 11, 2021, 2:46 a.m.",DSC108070029,13144 - あそびあそばせ！,All Accepted (10/10),C++11
2591018,"April 11, 2021, 2:35 a.m.",DSC107011225,13144 - あそびあそばせ！,All Accepted (10/10),C++11
2590995,"April 11, 2021, 2:04 a.m.",DSC107011225,13144 - あそびあそばせ！,All Accepted (10/10),C++11
2590972,"April 11, 2021, 1:55 a.m.",s108062115,13144 - あそびあそばせ！,All Accepted (10/10),C++14
2590965,"April 11, 2021, 1:53 a.m.",s108062115,13144 - あそびあそばせ！,All Accepted (10/10),C++14
2590951,"April 11, 2021, 1:46 a.m.",DSC108070028,13144 - あそびあそばせ！,All Accepted (10/10),C++14
2590947,"April 11, 2021, 1:44 a.m.",DSC108070028,13144 - あそびあそばせ！,All Accepted (10/10),C++14
2590940,"April 11, 2021, 1:42 a.m.",DSC108070028,13144 - あそびあそばせ！,All Accepted (10/10),C++14
2590914,"April 11, 2021, 1:30 a.m.",robber880428,13144 - あそびあそばせ！,All Accepted (10/10),C++
2590907,"April 11, 2021, 1:27 a.m.",robber880428,13144 - あそびあそばせ！,All Accepted (10/10),C++
2590804,"April 11, 2021, 12:40 a.m.",DSC_107071006,13144 - あそびあそばせ！,All Accepted (10/10),C++11
2590680,"April 10, 2021, 11:53 p.m.",DSC107034024,13144 - あそびあそばせ！,All Accepted (10/10),C++17
2590675,"April 10, 2021, 11:53 p.m.",IPHTC107034024,13144 - あそびあそばせ！,All Accepted (10/10),C++17
2590599,"April 10, 2021, 11:21 p.m.",DSC108070029,13144 - あそびあそばせ！,All Accepted (10/10),C++11
2590587,"April 10, 2021, 11:17 p.m.",IPHTC107034024,13144 - あそびあそばせ！,All Accepted (10/10),C++17
2590564,"April 10, 2021, 11:03 p.m.",IPHTC108071003,13144 - あそびあそばせ！,All Accepted (10/10),C++
2590550,"April 10, 2021, 10:59 p.m.",DSC107033227,13144 - あそびあそばせ！,All Accepted (10/10),C++
2590524,"April 10, 2021, 10:49 p.m.",DSC106091228,13144 - あそびあそばせ！,All Accepted (10/10),C++14
2590504,"April 10, 2021, 10:44 p.m.",DSC107011217,13144 - あそびあそばせ！,All Accepted (10/10),C++11
2590502,"April 10, 2021, 10:42 p.m.",jordan0322,13144 - あそびあそばせ！,All Accepted (10/10),C++
2590497,"April 10, 2021, 10:41 p.m.",DSC106034055,13144 - あそびあそばせ！,All Accepted (10/10),C++11
2590484,"April 10, 2021, 10:37 p.m.",DSC107011217,13144 - あそびあそばせ！,All Accepted (10/10),C++11
2590482,"April 10, 2021, 10:36 p.m.",jordan0322,13144 - あそびあそばせ！,All Accepted (10/10),C++
2590468,"April 10, 2021, 10:30 p.m.",jordan0322,13144 - あそびあそばせ！,All Accepted (10/10),C++
2590457,"April 10, 2021, 10:26 p.m.",DSC107021227,13144 - あそびあそばせ！,All Accepted (10/10),C++11
2590441,"April 10, 2021, 10:21 p.m.",DSC106034022,13144 - あそびあそばせ！,All Accepted (10/10),C++11
2590428,"April 10, 2021, 10:18 p.m.",DSC107011217,13144 - あそびあそばせ！,All Accepted (10/10),C++11
2590413,"April 10, 2021, 10:14 p.m.",DSC107011217,13144 - あそびあそばせ！,All Accepted (10/10),C++11
2590407,"April 10, 2021, 10:12 p.m.",DSC107011217,13144 - あそびあそばせ！,All Accepted (10/10),C++11
2590405,"April 10, 2021, 10:12 p.m.",jordan0322,13144 - あそびあそばせ！,All Accepted (10/10),C++11
2590399,"April 10, 2021, 10:09 p.m.",jordan0322,13144 - あそびあそばせ！,All Accepted (10/10),C++
2590389,"April 10, 2021, 10:05 p.m.",jordan0322,13144 - あそびあそばせ！,All Accepted (10/10),C++
2590387,"April 10, 2021, 10:03 p.m.",jordan0322,13144 - あそびあそばせ！,All Accepted (10/10),C++
2590382,"April 10, 2021, 10:01 p.m.",jordan0322,13144 - あそびあそばせ！,All Accepted (10/10),C++
2590379,"April 10, 2021, 10 p.m.",jordan0322,13144 - あそびあそばせ！,All Accepted (10/10),C++
2590374,"April 10, 2021, 9:58 p.m.",jordan0322,13144 - あそびあそばせ！,All Accepted (10/10),C++
2590365,"April 10, 2021, 9:56 p.m.",s109062318,13144 - あそびあそばせ！,All Accepted (10/10),C++
2590360,"April 10, 2021, 9:54 p.m.",jordan0322,13144 - あそびあそばせ！,All Accepted (10/10),C++
2590327,"April 10, 2021, 9:46 p.m.",DSC108010009,13144 - あそびあそばせ！,All Accepted (10/10),C++17
2590321,"April 10, 2021, 9:45 p.m.",DSC108010009,13144 - あそびあそばせ！,All Accepted (10/10),C++17
2590313,"April 10, 2021, 9:44 p.m.",DSC106034022,13144 - あそびあそばせ！,All Accepted (10/10),C++11
2590246,"April 10, 2021, 9:13 p.m.",s108060024,13144 - あそびあそばせ！,All Accepted (10/10),C++
2590244,"April 10, 2021, 9:13 p.m.",DSC108010009,13144 - あそびあそばせ！,All Accepted (10/10),C++17
2590241,"April 10, 2021, 9:12 p.m.",DSC106034064,13144 - あそびあそばせ！,All Accepted (10/10),C++
2590240,"April 10, 2021, 9:12 p.m.",DSC106034064,13144 - あそびあそばせ！,All Accepted (10/10),C++
2590223,"April 10, 2021, 9:06 p.m.",DSC108070014,13144 - あそびあそばせ！,All Accepted (10/10),C++11
2590204,"April 10, 2021, 8:59 p.m.",DSC106034023,13144 - あそびあそばせ！,All Accepted (10/10),C++11
2590199,"April 10, 2021, 8:58 p.m.",DSC106034022,13144 - あそびあそばせ！,All Accepted (10/10),C++11
2590187,"April 10, 2021, 8:49 p.m.",DSC106034022,13144 - あそびあそばせ！,All Accepted (10/10),C++11
2590135,"April 10, 2021, 8:16 p.m.",DSC106034022,13144 - あそびあそばせ！,All Accepted (10/10),C++11
2590121,"April 10, 2021, 8:07 p.m.",jordan0322,13144 - あそびあそばせ！,All Accepted (10/10),C++
2590102,"April 10, 2021, 8 p.m.",DSC108070029,13144 - あそびあそばせ！,All Accepted (10/10),C++11
2590085,"April 10, 2021, 7:55 p.m.",jordan0322,13144 - あそびあそばせ！,All Accepted (10/10),C++
2590083,"April 10, 2021, 7:54 p.m.",jordan0322,13144 - あそびあそばせ！,All Accepted (10/10),C++
2590070,"April 10, 2021, 7:50 p.m.",DSC108070029,13144 - あそびあそばせ！,All Accepted (10/10),C++11
2590059,"April 10, 2021, 7:43 p.m.",DSC106034022,13144 - あそびあそばせ！,All Accepted (10/10),C++11
2590028,"April 10, 2021, 7:28 p.m.",s108060024,13144 - あそびあそばせ！,All Accepted (10/10),C++
2590023,"April 10, 2021, 7:25 p.m.",DS2107033227,13144 - あそびあそばせ！,All Accepted (10/10),C++
2590007,"April 10, 2021, 7:08 p.m.",DS2107033227,13144 - あそびあそばせ！,All Accepted (10/10),C++
2589997,"April 10, 2021, 7:04 p.m.",DS2107033227,13144 - あそびあそばせ！,All Accepted (10/10),C++
2589986,"April 10, 2021, 6:49 p.m.",DSC107011115,13144 - あそびあそばせ！,All Accepted (10/10),C++
2589983,"April 10, 2021, 6:48 p.m.",s107011115,13144 - あそびあそばせ！,All Accepted (10/10),C++
2589963,"April 10, 2021, 6:33 p.m.",DSC108062373,13144 - あそびあそばせ！,All Accepted (10/10),C++11
2589936,"April 10, 2021, 6:16 p.m.",DSC106034023,13144 - あそびあそばせ！,All Accepted (10/10),C++11
2589908,"April 10, 2021, 6:04 p.m.",DSC107071020,13144 - あそびあそばせ！,All Accepted (10/10),C++17
2589906,"April 10, 2021, 6:04 p.m.",DSC106034023,13144 - あそびあそばせ！,All Accepted (10/10),C++11
2589899,"April 10, 2021, 6:02 p.m.",DSC108071003,13144 - あそびあそばせ！,All Accepted (10/10),C++
2589894,"April 10, 2021, 6 p.m.",DSC107011225,13144 - あそびあそばせ！,All Accepted (10/10),C++11
2589892,"April 10, 2021, 6 p.m.",DSC107071020,13144 - あそびあそばせ！,All Accepted (10/10),C++17
2589881,"April 10, 2021, 5:58 p.m.",DSC107011225,13144 - あそびあそばせ！,All Accepted (10/10),C++11
2589872,"April 10, 2021, 5:53 p.m.",DSC108020022,13144 - あそびあそばせ！,All Accepted (10/10),C++17
2589870,"April 10, 2021, 5:53 p.m.",DSC106034022,13144 - あそびあそばせ！,All Accepted (10/10),C++11
2589838,"April 10, 2021, 5:39 p.m.",DSC107011225,13144 - あそびあそばせ！,All Accepted (10/10),C++11
2589789,"April 10, 2021, 5:19 p.m.",DSC106034022,13144 - あそびあそばせ！,All Accepted (10/10),C++11
2589768,"April 10, 2021, 5:10 p.m.",DSC106034022,13144 - あそびあそばせ！,All Accepted (10/10),C++11
2589756,"April 10, 2021, 5:06 p.m.",DSC106034022,13144 - あそびあそばせ！,All Accepted (10/10),C++11
2589703,"April 10, 2021, 4:41 p.m.",s107011108,13144 - あそびあそばせ！,All Accepted (10/10),C++
2589634,"April 10, 2021, 4:11 p.m.",DSC106034064,13144 - あそびあそばせ！,All Accepted (10/10),C++11
2589570,"April 10, 2021, 3:44 p.m.",DSC107011108,13144 - あそびあそばせ！,All Accepted (10/10),C++
2589528,"April 10, 2021, 3:31 p.m.",DSC107021208,13144 - あそびあそばせ！,All Accepted (10/10),C++
2589408,"April 10, 2021, 2:07 p.m.",DSC108006228,13144 - あそびあそばせ！,All Accepted (10/10),C++14
2589400,"April 10, 2021, 2 p.m.",DSC108006228,13144 - あそびあそばせ！,All Accepted (10/10),C++14
2589246,"April 10, 2021, 10:27 a.m.",DSC107020007,13144 - あそびあそばせ！,All Accepted (10/10),C++17
2589244,"April 10, 2021, 10:26 a.m.",DSC107020007,13144 - あそびあそばせ！,All Accepted (10/10),C++17
2589117,"April 10, 2021, 2:25 a.m.",DSC107034039,13144 - あそびあそばせ！,All Accepted (10/10),C++
2589114,"April 10, 2021, 2:23 a.m.",DSC107034039,13144 - あそびあそばせ！,All Accepted (10/10),C++
2588876,"April 10, 2021, 12:16 a.m.",DSC108060005,13144 - あそびあそばせ！,All Accepted (10/10),C++17
2588854,"April 10, 2021, 12:01 a.m.",TTzuyu,13144 - あそびあそばせ！,All Accepted (10/10),C++11
2588765,"April 9, 2021, 11:19 p.m.",lawrence910426,13144 - あそびあそばせ！,All Accepted (10/10),C++
2588763,"April 9, 2021, 11:18 p.m.",DSC109065424,13144 - あそびあそばせ！,All Accepted (10/10),C++
2588717,"April 9, 2021, 11:04 p.m.",DSC109065424,13144 - あそびあそばせ！,All Accepted (10/10),C++
2588687,"April 9, 2021, 10:56 p.m.",DSC109061225,13144 - あそびあそばせ！,All Accepted (10/10),C++17
2588670,"April 9, 2021, 10:50 p.m.",DSC109061225,13144 - あそびあそばせ！,All Accepted (10/10),C++17
2588440,"April 9, 2021, 9:23 p.m.",DSC108000201,13144 - あそびあそばせ！,All Accepted (10/10),C++11
2588355,"April 9, 2021, 8:09 p.m.",DSC108006228,13144 - あそびあそばせ！,All Accepted (10/10),C++14
2588207,"April 9, 2021, 5:16 p.m.",s106062140,13144 - あそびあそばせ！,All Accepted (10/10),C++17
2588074,"April 9, 2021, 3:38 p.m.",DSC108020018,13144 - あそびあそばせ！,All Accepted (10/10),C++17
2588071,"April 9, 2021, 3:37 p.m.",IPHTC108020018,13144 - あそびあそばせ！,All Accepted (10/10),C++17
2587868,"April 9, 2021, 12:39 p.m.",DSC108000232,13144 - あそびあそばせ！,All Accepted (10/10),C++
2587860,"April 9, 2021, 12:18 p.m.",DSC108000232,13144 - あそびあそばせ！,All Accepted (10/10),C++
2587781,"April 9, 2021, 9:51 a.m.",DSC108000232,13144 - あそびあそばせ！,All Accepted (10/10),C++
2587780,"April 9, 2021, 9:50 a.m.",DSC108000232,13144 - あそびあそばせ！,All Accepted (10/10),C++
2587775,"April 9, 2021, 9:39 a.m.",DSC108000232,13144 - あそびあそばせ！,All Accepted (10/10),C++
2587670,"April 9, 2021, 1:49 a.m.",DSC106033124,13144 - あそびあそばせ！,All Accepted (10/10),C++
2587665,"April 9, 2021, 1:45 a.m.",DSC106033124,13144 - あそびあそばせ！,All Accepted (10/10),C++11
2587588,"April 9, 2021, 12:08 a.m.",robber880428,13144 - あそびあそばせ！,All Accepted (10/10),C++
2587361,"April 8, 2021, 8:47 p.m.",robber880428,13144 - あそびあそばせ！,All Accepted (10/10),C++17
2587323,"April 8, 2021, 8:40 p.m.",robber880428,13144 - あそびあそばせ！,All Accepted (10/10),C++17
2587239,"April 8, 2021, 6:58 p.m.",s109062325,13144 - あそびあそばせ！,All Accepted (10/10),C++17
2587198,"April 8, 2021, 6:14 p.m.",s109062102,13144 - あそびあそばせ！,All Accepted (10/10),C++
2587197,"April 8, 2021, 6:12 p.m.",s109062102,13144 - あそびあそばせ！,All Accepted (10/10),C++
2586945,"April 8, 2021, 1:50 p.m.",DSC107021115,13144 - あそびあそばせ！,All Accepted (10/10),C++11
2586944,"April 8, 2021, 1:49 p.m.",IPHTC107021115,13144 - あそびあそばせ！,All Accepted (10/10),C++11
2586905,"April 8, 2021, 12:52 p.m.",DSC109062327,13144 - あそびあそばせ！,All Accepted (10/10),C++
2586658,"April 8, 2021, 12:10 a.m.",DSC109062319,13144 - あそびあそばせ！,All Accepted (10/10),C++11
2586653,"April 8, 2021, midnight",DSC109062319,13144 - あそびあそばせ！,All Accepted (10/10),C++11
2586624,"April 7, 2021, 11:38 p.m.",109062322,13144 - あそびあそばせ！,All Accepted (10/10),C++
2586530,"April 7, 2021, 10:50 p.m.",kev907,13144 - あそびあそばせ！,All Accepted (10/10),C++
2586528,"April 7, 2021, 10:49 p.m.",kev907,13144 - あそびあそばせ！,All Accepted (10/10),C++
2586514,"April 7, 2021, 10:42 p.m.",DSC107060004,13144 - あそびあそばせ！,All Accepted (10/10),C++17
2586512,"April 7, 2021, 10:38 p.m.",kev907,13144 - あそびあそばせ！,All Accepted (10/10),C++
2586027,"April 7, 2021, 2:10 p.m.",DSC107062116,13144 - あそびあそばせ！,All Accepted (10/10),C++11
2586023,"April 7, 2021, 2:05 p.m.",DSC107062116,13144 - あそびあそばせ！,All Accepted (10/10),C++11
2584705,"April 6, 2021, 9:53 p.m.",DSC107023012,13144 - あそびあそばせ！,All Accepted (10/10),C++14
2584244,"April 6, 2021, 5:32 p.m.",DSC107034045,13144 - あそびあそばせ！,All Accepted (10/10),C++11
2584115,"April 6, 2021, 4:06 p.m.",DSC109061589,13144 - あそびあそばせ！,All Accepted (10/10),C++11
2584114,"April 6, 2021, 4:05 p.m.",DSC109061589,13144 - あそびあそばせ！,All Accepted (10/10),C++11
2583892,"April 6, 2021, 1:23 p.m.",DSC109061589,13144 - あそびあそばせ！,All Accepted (10/10),C++11
2583801,"April 6, 2021, 8:52 a.m.",DSC108060024,13144 - あそびあそばせ！,All Accepted (10/10),C++
2583755,"April 6, 2021, 2:35 a.m.",DSC109062302,13144 - あそびあそばせ！,All Accepted (10/10),C++11
2583754,"April 6, 2021, 2:34 a.m.",QQCute,13144 - あそびあそばせ！,All Accepted (10/10),C++11
2583515,"April 5, 2021, 11:11 p.m.",DSC109062309,13144 - あそびあそばせ！,All Accepted (10/10),C++17
2583448,"April 5, 2021, 10:33 p.m.",DSC108006228,13144 - あそびあそばせ！,All Accepted (10/10),C++14
2583236,"April 5, 2021, 6:50 p.m.",DSC107034045,13144 - あそびあそばせ！,All Accepted (10/10),C++11
2583226,"April 5, 2021, 6:38 p.m.",DSC109062319,13144 - あそびあそばせ！,All Accepted (10/10),C++11
2583149,"April 5, 2021, 5:06 p.m.",DSC107034018,13144 - あそびあそばせ！,All Accepted (10/10),C++14
2582920,"April 5, 2021, 12:21 p.m.",DSC109062319,13144 - あそびあそばせ！,All Accepted (10/10),C++11
2582854,"April 5, 2021, 9:30 a.m.",DSC107060004,13144 - あそびあそばせ！,All Accepted (10/10),C++
2582820,"April 5, 2021, 2:28 a.m.",DSC107034039,13144 - あそびあそばせ！,All Accepted (10/10),C++
2582819,"April 5, 2021, 2:25 a.m.",little_test,13144 - あそびあそばせ！,All Accepted (10/10),C++
2582584,"April 4, 2021, 9:38 p.m.",DSC107071016,13144 - あそびあそばせ！,All Accepted (10/10),C++17
2582198,"April 4, 2021, 1:51 p.m.",DSC109062226,13144 - あそびあそばせ！,All Accepted (10/10),C++
2582197,"April 4, 2021, 1:49 p.m.",DSC109062226,13144 - あそびあそばせ！,All Accepted (10/10),C++
2582190,"April 4, 2021, 1:45 p.m.",DSC109062226,13144 - あそびあそばせ！,All Accepted (10/10),C++
2582189,"April 4, 2021, 1:44 p.m.",DSC109062226,13144 - あそびあそばせ！,All Accepted (10/10),C++
2582187,"April 4, 2021, 1:40 p.m.",DSC109062226,13144 - あそびあそばせ！,All Accepted (10/10),C++
2582186,"April 4, 2021, 1:39 p.m.",DSC109062226,13144 - あそびあそばせ！,All Accepted (10/10),C++
2582072,"April 4, 2021, 3:05 a.m.",DSC109062319,13144 - あそびあそばせ！,All Accepted (10/10),C++11
2582065,"April 4, 2021, 2:26 a.m.",DSC109062319,13144 - あそびあそばせ！,All Accepted (10/10),C++11
2581908,"April 3, 2021, 11:33 p.m.",DSC109024701,13144 - あそびあそばせ！,All Accepted (10/10),C++14
2581643,"April 3, 2021, 8:50 p.m.",DSC109024701,13144 - あそびあそばせ！,All Accepted (10/10),C++14
2581586,"April 3, 2021, 7:40 p.m.",DSC109062319,13144 - あそびあそばせ！,All Accepted (10/10),C++11
2581582,"April 3, 2021, 7:28 p.m.",DSC109062319,13144 - あそびあそばせ！,All Accepted (10/10),C++11
2581239,"April 3, 2021, 12:27 p.m.",DSC109061589,13144 - あそびあそばせ！,All Accepted (10/10),C++11
2581220,"April 3, 2021, 11:49 a.m.",DSC109061589,13144 - あそびあそばせ！,All Accepted (10/10),C++11
2581219,"April 3, 2021, 11:44 a.m.",DSC109061589,13144 - あそびあそばせ！,All Accepted (10/10),C++11
2581212,"April 3, 2021, 11:38 a.m.",DSC109061589,13144 - あそびあそばせ！,All Accepted (10/10),C++11
2581209,"April 3, 2021, 11:35 a.m.",DSC109061589,13144 - あそびあそばせ！,All Accepted (10/10),C++11
2581180,"April 3, 2021, 10:48 a.m.",DSC109061589,13144 - あそびあそばせ！,All Accepted (10/10),C++11
2581178,"April 3, 2021, 10:45 a.m.",DSC109061589,13144 - あそびあそばせ！,All Accepted (10/10),C++11
2581135,"April 3, 2021, 1:36 a.m.",DSC109061589,13144 - あそびあそばせ！,All Accepted (10/10),C++11
2580953,"April 2, 2021, 11:09 p.m.",s109062332,13144 - あそびあそばせ！,All Accepted (10/10),C++
2580869,"April 2, 2021, 10:10 p.m.",DSC109061589,13144 - あそびあそばせ！,All Accepted (10/10),C++11
2580696,"April 2, 2021, 5:31 p.m.",s109062318,13144 - あそびあそばせ！,All Accepted (10/10),C++
2580652,"April 2, 2021, 5 p.m.",s109062318,13144 - あそびあそばせ！,All Accepted (10/10),C++
2580650,"April 2, 2021, 4:59 p.m.",s109062318,13144 - あそびあそばせ！,All Accepted (10/10),C++
2580649,"April 2, 2021, 4:59 p.m.",s109062318,13144 - あそびあそばせ！,All Accepted (10/10),C++
2580647,"April 2, 2021, 4:56 p.m.",s109062318,13144 - あそびあそばせ！,All Accepted (10/10),C++
2580640,"April 2, 2021, 4:51 p.m.",s109062318,13144 - あそびあそばせ！,All Accepted (10/10),C++
2580439,"April 2, 2021, 11:09 a.m.",DSC108071003,13144 - あそびあそばせ！,All Accepted (10/10),C++
2580438,"April 2, 2021, 11:08 a.m.",IPHTC108071003,13144 - あそびあそばせ！,All Accepted (10/10),C++
2580281,"April 2, 2021, 12:47 a.m.",DSC108071003,13144 - あそびあそばせ！,All Accepted (10/10),C++
2580278,"April 2, 2021, 12:47 a.m.",IPHTC108071003,13144 - あそびあそばせ！,All Accepted (10/10),C++
2580023,"April 1, 2021, 7:46 p.m.",DSC109061589,13144 - あそびあそばせ！,All Accepted (10/10),C++11
2579785,"April 1, 2021, 2:18 a.m.",DSC108032053,13144 - あそびあそばせ！,All Accepted (10/10),C++11
2579632,"March 31, 2021, 10:44 p.m.",DSC107060004,13144 - あそびあそばせ！,All Accepted (10/10),C++
2578892,"March 30, 2021, 10 p.m.",DSC108032053,13144 - あそびあそばせ！,All Accepted (10/10),C++11
2578658,"March 30, 2021, 7:42 p.m.",DSC108032053,13144 - あそびあそばせ！,All Accepted (10/10),C++11
2578637,"March 30, 2021, 7:30 p.m.",DSC108032053,13144 - あそびあそばせ！,All Accepted (10/10),C++11
2578548,"March 30, 2021, 6:28 p.m.",DSC107060004,13144 - あそびあそばせ！,All Accepted (10/10),C++
2578545,"March 30, 2021, 6:27 p.m.",DSC107060004,13144 - あそびあそばせ！,All Accepted (10/10),C++14
2570326,"March 24, 2021, 7:28 p.m.",judgeDS_2018,13144 - あそびあそばせ！,All Accepted (10/10),C++